[{"id":"user-image-black-logo-8_150.png","publicUrl":"np://user.desktop.nicepage.com/Site_2296317639/images/black-logo-8_150.png","size":20851,"hash":"lpb9c9aXjhyI9Bb7mb48BYysrdE=","fileName":"black-logo-8_150.png","name":"black-logo-8_150","width":133,"height":135,"thumbnail":{"url":"np://user.desktop.nicepage.com/Site_2296317639/images/thumbnails/black-logo-8_150.png","width":133,"height":135,"length":20851,"type":"png"},"folderId":null,"originalUrl":"//images01.nicepagecdn.com/thumbs/a1389d7bc73adea1e1c1fb7e/7b273cca908c5a97a1457ce5/black-logo-8_150.png","usages":["919704159"]},{"id":"user-image-4338295.png","publicUrl":"np://user.desktop.nicepage.com/Site_2296317639/images/4338295.png","size":2210,"hash":"76zasFWgvq3+55Yt3sDEJeK2Zvc=","fileName":"4338295.png","name":"4338295","width":128,"height":128,"thumbnail":{"url":"np://user.desktop.nicepage.com/Site_2296317639/images/thumbnails/4338295.png","width":128,"height":128,"length":2210,"type":"png"},"folderId":null,"originalUrl":"https://assets.nicepagecdn.com/d2cc3eaa/3081341/images/4338295.png","usages":["919704159"]},{"id":"user-image-black-logo-6.png","publicUrl":"np://user.desktop.nicepage.com/Site_2296317639/images/black-logo-6.png","size":20790,"hash":"GnhB5ZJ41PM/e2Nor1+wmL5QC50=","fileName":"black-logo-6.png","name":"black-logo-6","width":131,"height":171,"thumbnail":{"url":"np://user.desktop.nicepage.com/Site_2296317639/images/thumbnails/black-logo-6.png","width":131,"height":171,"length":20790,"type":"png"},"folderId":null,"originalUrl":"//images01.nicepagecdn.com/a1389d7bc73adea1e1c1fb7e/62605c9f773e5f9cbdda4dbf/black-logo-6.png","usages":["919704159"]},{"id":"user-image-black-logo-5.png","publicUrl":"np://user.desktop.nicepage.com/Site_2296317639/images/black-logo-5.png","size":20120,"hash":"o2NeaRyFgV4iBbdCbXQCMbQDdDs=","fileName":"black-logo-5.png","name":"black-logo-5","width":142,"height":155,"thumbnail":{"url":"np://user.desktop.nicepage.com/Site_2296317639/images/thumbnails/black-logo-5.png","width":142,"height":155,"length":20120,"type":"png"},"folderId":null,"originalUrl":"//images01.nicepagecdn.com/a1389d7bc73adea1e1c1fb7e/f4c2ec35cca95ad2b1db886b/black-logo-5.png","usages":["919704159"]},{"id":"user-image-black-logo-4.png","publicUrl":"np://user.desktop.nicepage.com/Site_2296317639/images/black-logo-4.png","size":22120,"hash":"Z3OnsSlIW/Xwl97auEhQtmCu4bg=","fileName":"black-logo-4.png","name":"black-logo-4","width":134,"height":154,"thumbnail":{"url":"np://user.desktop.nicepage.com/Site_2296317639/images/thumbnails/black-logo-4.png","width":134,"height":154,"length":22120,"type":"png"},"folderId":null,"originalUrl":"//images01.nicepagecdn.com/a1389d7bc73adea1e1c1fb7e/da20b91fac9e573f9e813582/black-logo-4.png","usages":["919704159"]},{"id":"user-image-black-logo-3.png","publicUrl":"np://user.desktop.nicepage.com/Site_2296317639/images/black-logo-3.png","size":22472,"hash":"wyHzhKO9xjzm2k1z7P/3KSTt6lM=","fileName":"black-logo-3.png","name":"black-logo-3","width":168,"height":156,"thumbnail":{"url":"np://user.desktop.nicepage.com/Site_2296317639/images/thumbnails/black-logo-3.png","width":168,"height":156,"length":22472,"type":"png"},"folderId":null,"originalUrl":"//images01.nicepagecdn.com/a1389d7bc73adea1e1c1fb7e/8aba9edd10b65867bb8c1fd0/black-logo-3.png","usages":["919704159"]},{"id":"user-image-black-logo-2_150.png","publicUrl":"np://user.desktop.nicepage.com/Site_2296317639/images/black-logo-2_150.png","size":20486,"hash":"dJqfsQlJ6VDplVS0OXboYWx1ZXA=","fileName":"black-logo-2_150.png","name":"black-logo-2_150","width":108,"height":140,"thumbnail":{"url":"np://user.desktop.nicepage.com/Site_2296317639/images/thumbnails/black-logo-2_150.png","width":108,"height":140,"length":20486,"type":"png"},"folderId":null,"originalUrl":"//images01.nicepagecdn.com/thumbs/a1389d7bc73adea1e1c1fb7e/e8ce7cced71d5c7aa4d002e1/black-logo-2_150.png","usages":["919704159"]},{"id":"user-image-black-logo-1.png","publicUrl":"np://user.desktop.nicepage.com/Site_2296317639/images/black-logo-1.png","size":21465,"hash":"+S5C7QqyluuZsUjTGAMoqg2uGg0=","fileName":"black-logo-1.png","name":"black-logo-1","width":151,"height":158,"thumbnail":{"url":"np://user.desktop.nicepage.com/Site_2296317639/images/thumbnails/black-logo-1.png","width":151,"height":158,"length":21465,"type":"png"},"folderId":null,"originalUrl":"//images01.nicepagecdn.com/a1389d7bc73adea1e1c1fb7e/a32313390c475bec9fff6116/black-logo-1.png","usages":["919704159"]},{"id":"user-image-wooden-keychain-white.jpg","publicUrl":"np://user.desktop.nicepage.com/Site_2296317639/images/wooden-keychain-white.jpg","size":255066,"hash":"wwJzdW/eIpwdNJXJ7DQ6GvNlKio=","fileName":"wooden-keychain-white.jpg","name":"wooden-keychain-white","width":1920,"height":1920,"thumbnail":{"url":"np://user.desktop.nicepage.com/Site_2296317639/images/thumbnails/wooden-keychain-white.jpg","width":250,"height":250},"folderId":null,"originalUrl":"https://assets.nicepagecdn.com/11a8ddce/4460241/images/wooden-keychain-white.jpg","usages":["919704159"]},{"id":"user-image-house-isolated-field1.jpg","publicUrl":"np://user.desktop.nicepage.com/Site_2296317639/images/house-isolated-field1.jpg","size":988334,"hash":"rYv16wU22C/mLiJ+okxq5C/Q8h4=","fileName":"house-isolated-field1.jpg","name":"house-isolated-field1","width":1500,"height":1000,"thumbnail":{"url":"np://user.desktop.nicepage.com/Site_2296317639/images/thumbnails/house-isolated-field1.jpg","width":250,"height":167},"folderId":null,"originalUrl":"https://assets.nicepagecdn.com/11a8ddce/4460241/images/house-isolated-field1.jpg","usages":["919704159"]},{"id":"user-image-low-angle-shot-facade-white-modern-building-blue-clear-sky.jpg","publicUrl":"np://user.desktop.nicepage.com/Site_2296317639/images/low-angle-shot-facade-white-modern-building-blue-clear-sky.jpg","size":599895,"hash":"OyRgu3eRz0gokNU6VjyNQWn72Xw=","fileName":"low-angle-shot-facade-white-modern-building-blue-clear-sky.jpg","name":"low-angle-shot-facade-white-modern-building-blue-clear-sky","width":1500,"height":997,"thumbnail":{"url":"np://user.desktop.nicepage.com/Site_2296317639/images/thumbnails/low-angle-shot-facade-white-modern-building-blue-clear-sky.jpg","width":250,"height":166},"folderId":null,"originalUrl":"https://assets.nicepagecdn.com/11a8ddce/4460241/images/low-angle-shot-facade-white-modern-building-blue-clear-sky.jpg","usages":["919704159"]},{"id":"user-image-hand-holding-house-real-estate-property-model.jpg","publicUrl":"np://user.desktop.nicepage.com/Site_2296317639/images/hand-holding-house-real-estate-property-model.jpg","size":1035181,"hash":"Dgl2o+HKUdhNHPuRLO+Zt5RXdjM=","fileName":"hand-holding-house-real-estate-property-model.jpg","name":"hand-holding-house-real-estate-property-model","width":1500,"height":1500,"thumbnail":{"url":"np://user.desktop.nicepage.com/Site_2296317639/images/thumbnails/hand-holding-house-real-estate-property-model.jpg","width":250,"height":250},"folderId":null,"originalUrl":"https://assets.nicepagecdn.com/11a8ddce/4460241/images/hand-holding-house-real-estate-property-model.jpg","usages":["919704159"]},{"id":"user-image-house-isolated-field.jpg","publicUrl":"np://user.desktop.nicepage.com/Site_2296317639/images/house-isolated-field.jpg","size":1152563,"hash":"FU7gzoHvBnuADD6dgQPOA4O98Z8=","fileName":"house-isolated-field.jpg","name":"house-isolated-field","width":1500,"height":1000,"thumbnail":{"url":"np://user.desktop.nicepage.com/Site_2296317639/images/thumbnails/house-isolated-field.jpg","width":250,"height":167},"folderId":null,"originalUrl":"https://assets.nicepagecdn.com/11a8ddce/4460241/images/house-isolated-field.jpg","usages":["919704159"]},{"id":"user-image-pexels-photo-3874015.jpeg","publicUrl":"np://user.desktop.nicepage.com/Site_2296317639/images/pexels-photo-3874015.jpeg","size":147736,"hash":"7HG0aKPl58uOA6PYW4qHVF6hv+g=","fileName":"pexels-photo-3874015.jpeg","name":"pexels-photo-3874015","width":1000,"height":1500,"thumbnail":{"url":"np://user.desktop.nicepage.com/Site_2296317639/images/thumbnails/pexels-photo-3874015.jpeg","width":167,"height":250},"folderId":null,"originalUrl":"https://assets.nicepagecdn.com/11a8ddce/4460241/images/pexels-photo-3874015.jpeg","usages":["919704159"]},{"id":"user-image-pexels-photo-3924335.jpeg","publicUrl":"np://user.desktop.nicepage.com/Site_2296317639/images/pexels-photo-3924335.jpeg","size":108652,"hash":"PKamhspyOkigmKf5CP3cIWppjac=","fileName":"pexels-photo-3924335.jpeg","name":"pexels-photo-3924335","width":2250,"height":1500,"thumbnail":{"url":"np://user.desktop.nicepage.com/Site_2296317639/images/thumbnails/pexels-photo-3924335.jpeg","width":250,"height":167},"folderId":null,"originalUrl":"https://assets.nicepagecdn.com/11a8ddce/4460241/images/pexels-photo-3924335.jpeg","usages":["919704159"]},{"id":"user-image-pexels-photo-911758.jpeg","publicUrl":"np://user.desktop.nicepage.com/Site_2296317639/images/pexels-photo-911758.jpeg","size":173510,"hash":"KlNAOTLr4tHu1/eN0tccMFbtccM=","fileName":"pexels-photo-911758.jpeg","name":"pexels-photo-911758","width":2247,"height":1500,"thumbnail":{"url":"np://user.desktop.nicepage.com/Site_2296317639/images/thumbnails/pexels-photo-911758.jpeg","width":250,"height":167},"folderId":null,"originalUrl":"https://assets.nicepagecdn.com/11a8ddce/4460241/images/pexels-photo-911758.jpeg","usages":["919704159"]},{"id":"user-image-pexels-photo-3855622.jpeg","publicUrl":"np://user.desktop.nicepage.com/Site_2296317639/images/pexels-photo-3855622.jpeg","size":456410,"hash":"HzyazIDVs2AnEbMpD5F6GzdVB4s=","fileName":"pexels-photo-3855622.jpeg","name":"pexels-photo-3855622","width":2250,"height":1500,"thumbnail":{"url":"np://user.desktop.nicepage.com/Site_2296317639/images/thumbnails/pexels-photo-3855622.jpeg","width":250,"height":167},"folderId":null,"originalUrl":"https://assets.nicepagecdn.com/11a8ddce/4460241/images/pexels-photo-3855622.jpeg","usages":["919704159"]},{"id":"user-image-pexels-photo-1769369.jpeg","publicUrl":"np://user.desktop.nicepage.com/Site_2296317639/images/pexels-photo-1769369.jpeg","size":352046,"hash":"8ZLr4bqSmKNy1WiQPRY3zykvyu4=","fileName":"pexels-photo-1769369.jpeg","name":"pexels-photo-1769369","width":1200,"height":1500,"thumbnail":{"url":"np://user.desktop.nicepage.com/Site_2296317639/images/thumbnails/pexels-photo-1769369.jpeg","width":200,"height":250},"folderId":null,"originalUrl":"https://assets.nicepagecdn.com/11a8ddce/4460241/images/pexels-photo-1769369.jpeg","usages":["919704159"]},{"id":"user-image-pexels-photo-2090651.jpeg","publicUrl":"np://user.desktop.nicepage.com/Site_2296317639/images/pexels-photo-2090651.jpeg","size":187713,"hash":"igQvGKta1J2/5mZrlvyNskvR61I=","fileName":"pexels-photo-2090651.jpeg","name":"pexels-photo-2090651","width":1006,"height":1500,"thumbnail":{"url":"np://user.desktop.nicepage.com/Site_2296317639/images/thumbnails/pexels-photo-2090651.jpeg","width":168,"height":250},"folderId":null,"originalUrl":"https://assets.nicepagecdn.com/11a8ddce/4460241/images/pexels-photo-2090651.jpeg","usages":["919704159"]},{"id":"user-image-pexels-photo-1115804.jpeg","publicUrl":"np://user.desktop.nicepage.com/Site_2296317639/images/pexels-photo-1115804.jpeg","size":264318,"hash":"LWcRq7+MXWTrPAluWlr8mOisrFk=","fileName":"pexels-photo-1115804.jpeg","name":"pexels-photo-1115804","width":1500,"height":1500,"thumbnail":{"url":"np://user.desktop.nicepage.com/Site_2296317639/images/thumbnails/pexels-photo-1115804.jpeg","width":250,"height":250},"folderId":null,"originalUrl":"https://assets.nicepagecdn.com/11a8ddce/4460241/images/pexels-photo-1115804.jpeg","usages":["919704159"]},{"id":"user-image-pexels-photo-1029615.jpeg","publicUrl":"np://user.desktop.nicepage.com/Site_2296317639/images/pexels-photo-1029615.jpeg","size":77043,"hash":"mGzBmAmSn51v3Y9ywXt+v83b7UA=","fileName":"pexels-photo-1029615.jpeg","name":"pexels-photo-1029615","width":2250,"height":1500,"thumbnail":{"url":"np://user.desktop.nicepage.com/Site_2296317639/images/thumbnails/pexels-photo-1029615.jpeg","width":250,"height":167},"folderId":null,"originalUrl":"https://assets.nicepagecdn.com/11a8ddce/4460241/images/pexels-photo-1029615.jpeg","usages":["919704159"]},{"id":"user-image-apartment-building-city-with-copy-space.jpg","publicUrl":"np://user.desktop.nicepage.com/Site_2296317639/images/apartment-building-city-with-copy-space.jpg","size":1068356,"hash":"KzcI8Hg0LfaXCzDe0SjFnMw7MGs=","fileName":"apartment-building-city-with-copy-space.jpg","name":"apartment-building-city-with-copy-space","width":1500,"height":1071,"thumbnail":{"url":"np://user.desktop.nicepage.com/Site_2296317639/images/thumbnails/apartment-building-city-with-copy-space.jpg","width":250,"height":179},"folderId":null,"originalUrl":"https://assets.nicepagecdn.com/11a8ddce/4460241/images/apartment-building-city-with-copy-space.jpg","usages":["919704159"]},{"id":"user-image-pexels-photo-325185.jpeg","publicUrl":"np://user.desktop.nicepage.com/Site_2296317639/images/pexels-photo-325185.jpeg","size":126441,"hash":"bBC5RNRY+56orHNvspIySBbnKns=","fileName":"pexels-photo-325185.jpeg","name":"pexels-photo-325185","width":2250,"height":1500,"thumbnail":{"url":"np://user.desktop.nicepage.com/Site_2296317639/images/thumbnails/pexels-photo-325185.jpeg","width":250,"height":167},"folderId":null,"originalUrl":"https://assets.nicepagecdn.com/11a8ddce/4460241/images/pexels-photo-325185.jpeg","usages":["919704159"]},{"id":"user-image-pexels-photo-532568.jpeg","publicUrl":"np://user.desktop.nicepage.com/Site_2296317639/images/pexels-photo-532568.jpeg","size":145015,"hash":"MA25FIXwW4M+sTaWjbl2L6TT/0I=","fileName":"pexels-photo-532568.jpeg","name":"pexels-photo-532568","width":2250,"height":1500,"thumbnail":{"url":"np://user.desktop.nicepage.com/Site_2296317639/images/thumbnails/pexels-photo-532568.jpeg","width":250,"height":167},"folderId":null,"originalUrl":"https://assets.nicepagecdn.com/11a8ddce/4460241/images/pexels-photo-532568.jpeg","usages":["919704159"]}]