[{"id":47645675,"title":"Blog Template","order":1,"templateKey":"blog","customTemplate":false,"customTemplateFilename":null,"pageLinks":[],"dateCreated":"2024-08-18T13:28:02.934Z","dateUpdated":"2024-08-18T13:28:08.341Z","folderId":null,"pageName":"Blog Template","serverPageId":null,"sectionCount":1,"status":2,"backwardUrl":null},{"id":174458875,"title":"Post Template","order":2,"templateKey":"post","customTemplate":false,"customTemplateFilename":null,"pageLinks":[],"dateCreated":"2024-08-18T13:28:03.448Z","dateUpdated":"2024-08-18T13:28:08.342Z","folderId":null,"pageName":"Post Template","serverPageId":null,"sectionCount":1,"status":2,"backwardUrl":null},{"id":630622987,"title":"Product List Template","order":3,"templateKey":"products","customTemplate":false,"customTemplateFilename":null,"pageLinks":[],"dateCreated":"2024-08-18T13:28:04.172Z","dateUpdated":"2024-08-18T13:28:08.342Z","folderId":null,"pageName":"Product List Template","serverPageId":null,"sectionCount":1,"status":2,"backwardUrl":null},{"id":91518964,"title":"Product Details Template","order":4,"templateKey":"product","customTemplate":false,"customTemplateFilename":null,"pageLinks":[],"dateCreated":"2024-08-18T13:28:04.582Z","dateUpdated":"2024-08-18T13:28:08.343Z","folderId":null,"pageName":"Product Details Template","serverPageId":null,"sectionCount":1,"status":2,"backwardUrl":null},{"id":235332221,"title":"Shopping Cart Template","order":5,"templateKey":"cart","customTemplate":false,"customTemplateFilename":null,"pageLinks":[],"dateCreated":"2024-08-18T13:28:04.868Z","dateUpdated":"2024-08-18T13:28:08.343Z","folderId":null,"pageName":"Shopping Cart Template","serverPageId":null,"sectionCount":1,"status":2,"backwardUrl":null},{"id":726502316,"title":"Checkout Template","order":6,"templateKey":"checkout","customTemplate":false,"customTemplateFilename":null,"pageLinks":[],"dateCreated":"2024-08-18T13:28:05.446Z","dateUpdated":"2024-08-18T13:28:08.343Z","folderId":null,"pageName":"Checkout Template","serverPageId":null,"sectionCount":1,"status":2,"backwardUrl":null},{"id":40322098,"title":"Login Template","order":7,"templateKey":"login","customTemplate":false,"customTemplateFilename":null,"pageLinks":[],"dateCreated":"2024-08-18T13:28:05.684Z","dateUpdated":"2024-08-18T13:28:08.344Z","folderId":null,"pageName":"Login Template","serverPageId":null,"sectionCount":1,"status":2,"backwardUrl":null},{"id":74963405,"title":"Page Password Template","order":8,"templateKey":"password","customTemplate":false,"customTemplateFilename":null,"pageLinks":[],"dateCreated":"2024-08-18T13:28:05.856Z","dateUpdated":"2024-08-18T13:28:08.344Z","folderId":null,"pageName":"Page Password Template","serverPageId":null,"sectionCount":1,"status":2,"backwardUrl":null},{"id":93657056,"title":"404 Not Found Template","order":9,"templateKey":"404","customTemplate":false,"customTemplateFilename":null,"pageLinks":[],"dateCreated":"2024-08-18T13:28:06.009Z","dateUpdated":"2024-08-18T13:28:08.345Z","folderId":null,"pageName":"404 Not Found Template","serverPageId":null,"sectionCount":1,"status":2,"backwardUrl":null},{"id":861224347,"title":"Thank You Page Template","order":10,"templateKey":"ThankYou","customTemplate":false,"customTemplateFilename":null,"pageLinks":[],"dateCreated":"2024-08-18T13:28:06.145Z","dateUpdated":"2024-08-18T13:28:08.345Z","folderId":null,"pageName":"Thank You Page Template","serverPageId":null,"sectionCount":1,"status":2,"backwardUrl":null},{"id":919704159,"title":"Home","order":50,"templateKey":null,"customTemplate":false,"customTemplateFilename":null,"pageLinks":[],"dateCreated":"2024-08-18T13:28:10.403Z","dateUpdated":"2024-08-18T13:32:17.320Z","folderId":null,"pageName":"Home_919704159","serverPageId":null,"sectionCount":11,"status":2,"backwardUrl":null},{"id":89851948,"title":"About","order":100,"templateKey":null,"customTemplate":false,"customTemplateFilename":null,"pageLinks":[],"dateCreated":"2024-08-18T13:28:06.251Z","dateUpdated":"2024-08-18T13:28:08.345Z","folderId":null,"pageName":"About_89851948","serverPageId":null,"sectionCount":1,"status":2,"backwardUrl":null},{"id":736802662,"title":"Contact","order":101,"templateKey":null,"customTemplate":false,"customTemplateFilename":null,"pageLinks":[],"dateCreated":"2024-08-18T13:28:06.334Z","dateUpdated":"2024-08-18T13:28:08.345Z","folderId":null,"pageName":"Contact_736802662","serverPageId":null,"sectionCount":1,"status":2,"backwardUrl":null}]